,User ID
0,104582
1,104584
2,104605
3,104608
4,104702
6,106521
7,106522
8,106523
9,106524
10,106526
12,106531
13,106532
15,106555
16,106574
17,106594
19,106596
21,106601
23,106629
24,106632
26,106886
27,106887
28,106905
29,106916
30,106917
31,106921
32,106927
33,106958
35,107053
36,107065
37,107178
38,107180
39,107181
40,107182
42,107185
43,107186
44,107223
46,107285
48,108242
49,108245
50,108247
51,108250
52,108251
53,108252
54,108253
56,108255
58,108258
59,108261
60,108262
61,108263
62,108264
63,108265
65,108267
66,108268
67,108269
68,108270
69,108271
70,108272
71,108273
73,108275
74,108276
75,108277
76,108278
77,108279
78,108280
79,108281
81,108285
82,108286
83,108287
84,108289
85,108290
87,108293
88,108294
89,108297
90,108299
91,108300
92,108303
93,108304
94,108307
95,108316
96,108320
97,108326
101,108363
102,108365
104,108371
106,108373
107,108375
109,108379
110,108380
111,108381
112,108382
113,108383
115,108385
116,108386
117,108387
118,108388
119,108391
120,108393
121,108395
122,108396
123,108400
124,108401
134,108451
135,108452
136,108470
137,108504
138,108506
139,108507
140,108509
141,108510
142,108511
143,108512
144,108513
145,108514
148,108517
149,108518
150,108582
151,108593
152,108601
153,108603
154,108604
155,108618
156,108619
157,108620
158,108621
159,108623
160,108624
163,108627
176,108684
177,108685
178,108686
179,108688
180,108689
181,108690
182,108691
184,108693
188,108726
189,108757
195,108765
197,108772
198,108773
199,108775
200,108776
201,108777
202,108778
203,108779
204,108781
206,108783
207,108784
208,108785
211,108794
213,108889
214,108891
216,108906
217,108907
218,108909
219,108910
220,108911
221,108912
253,109184
255,111468
257,111471
258,111472
259,111473
260,111474
261,111475
264,111480
265,111481
267,111483
268,111484
269,111485
271,111487
272,111488
273,111489
274,111490
276,111492
278,111494
279,111495
280,111496
282,111498
283,111500
284,111501
286,111504
287,111505
288,111507
289,111510
290,111511
293,111515
294,111518
295,111522
296,111523
297,111527
298,111535
299,111562
300,111566
301,111572
302,111574
304,111576
305,111577
306,111578
308,111580
309,111581
310,111582
312,111584
313,111585
314,111586
315,111587
317,111589
318,111590
319,111591
320,111592
322,111595
324,111597
325,111598
326,111599
327,111601
328,111602
329,111603
330,111605
331,111610
332,111611
333,111632
334,111633
335,111636
337,111638
338,111639
339,111640
342,111643
343,111645
344,111646
345,111647
346,111648
347,111651
348,111654
349,111655
351,111662
352,111663
353,111675
354,111677
356,111710
357,111711
358,111712
359,111713
361,111715
363,111717
364,111718
365,111719
366,111720
367,111721
368,111722
369,111723
370,111729
371,111733
372,111734
373,111735
374,111737
375,111738
376,111739
377,111740
379,111742
380,111743
381,111745
382,111746
383,111747
384,111751
385,111757
387,111765
389,111778
390,111789
391,111824
392,111825
393,111827
394,111828
395,111829
396,111830
398,111832
400,111834
401,111835
402,111836
403,111837
404,111844
405,111847
406,111859
408,111877
409,111878
412,111955
413,111980
414,111981
416,111987
417,111988
419,111990
420,111991
421,111992
423,112009
425,112012
426,112016
428,112051
429,112069
430,112082
431,112085
432,112086
433,112087
434,112089
435,112090
436,112097
437,112112
438,112116
439,112118
440,112121
441,112122
442,112123
443,112124
444,112128
445,112148
446,112159
447,112162
449,112202
450,112251
453,114514
454,114719
455,114720
456,114721
457,114722
458,114723
459,114724
460,114725
461,114726
462,114727
464,114729
465,114732
466,114733
467,114734
468,114735
469,114736
470,114737
471,114739
472,114741
473,114742
474,114744
475,114745
476,114747
477,114749
478,114750
479,114751
480,114752
481,114753
482,114754
483,114755
484,114756
487,114762
489,114764
491,114766
493,114768
494,114769
495,114770
497,114772
498,114773
500,114775
501,114776
502,114777
503,114778
505,114780
506,114781
508,114783
509,114784
510,114785
512,114787
513,114788
515,114790
516,114791
517,114792
518,114794
520,114798
521,114799
522,114800
523,114801
524,114802
525,114814
527,114816
528,114819
530,114875
531,114876
532,114877
533,114878
534,114879
536,114881
537,114883
538,114884
539,114886
544,114892
545,114893
546,114894
547,114895
548,114896
549,114897
550,114898
551,114899
552,114900
553,114901
554,114902
557,114905
558,114906
559,114907
560,114908
561,114909
562,114910
564,114912
566,114915
568,114919
569,114920
570,114924
572,114928
573,114974
574,114975
575,114978
576,114979
577,114980
578,114981
580,114984
581,114985
583,114988
584,114989
585,114990
586,114991
587,114992
589,114994
590,114995
591,114996
593,115000
594,115001
595,115003
596,115006
597,115007
598,115010
599,115012
600,115029
601,115035
603,115042
604,115060
605,115076
606,115077
608,115080
609,115081
610,115083
611,115086
612,115087
613,115088
614,115092
616,115105
617,115114
618,115116
619,115117
620,115118
621,115120
622,115136
623,115146
624,115169
625,115170
626,115171
627,115172
628,115174
629,115175
630,115176
631,115178
632,115179
634,115181
635,115182
639,115194
641,115202
642,115211
643,115215
644,115216
645,115217
646,115218
647,115220
648,115221
649,115222
650,115223
652,115225
653,115226
654,115227
655,115228
656,115229
657,115230
658,115231
659,115232
660,115233
662,115242
663,115243
665,115322
669,115353
670,115356
671,115462
674,115519
675,115520
676,115521
677,115522
678,115523
679,115524
680,115525
681,115528
682,115529
683,115530
684,115531
685,115532
686,115533
687,115535
688,115536
689,115540
690,115543
691,115550
692,115552
693,115554
694,115566
695,115567
696,115577
697,115591
698,115607
700,115636
701,115637
702,115639
706,115677
707,115679
708,115680
709,115682
710,115683
711,115684
712,115685
713,115686
715,115689
717,115721
718,115723
719,115725
720,115728
721,115730
722,115731
723,115732
724,115733
725,115735
726,115737
727,115738
728,115740
729,115743
731,115748
732,115750
733,115753
734,115754
735,115763
736,120931
737,120937
738,120962
739,120964
740,120966
741,120967
742,120970
743,121186
744,121190
745,121192
746,121193
747,121199
748,121203
749,121204
750,121209
751,121210
752,121211
753,121212
754,121213
755,121214
756,121216
757,121217
758,121218
760,121245
761,121257
762,121262
763,121272
764,121290
765,121291
766,121294
767,121295
768,121296
769,121356
770,121447
771,121448
772,121453
773,121454
774,121455
775,121456
776,121457
777,121461
778,121462
